{
    "id": "7b08df51-c1ac-453c-99f9-323a5f075f0d",
    "client_order_id": "5680c4bc-9ac1-4a12-a44c-df427ba53032",
    "created_at": "2023-12-12T22:31:24.668464435Z",
    "updated_at": "2023-12-12T22:31:24.668464435Z",
    "submitted_at": "2023-12-12T22:31:24.577215743Z",
    "filled_at": null,
    "expired_at": null,
    "canceled_at": null,
    "failed_at": null,
    "replaced_at": null,
    "replaced_by": null,
    "replaces": null,
    "asset_id": "b0b6dd9d-8b9b-48a9-ba46-b9d54906e415",
    "symbol": "AAPL",
    "asset_class": "us_equity",
    "notional": null,
    "qty": "2",
    "filled_qty": "0",
    "filled_avg_price": null,
    "order_class": "",
    "order_type": "limit",
    "type": "limit",
    "side": "buy",
    "time_in_force": "gtc",
    "limit_price": "150",
    "stop_price": null,
    "status": "accepted",
    "extended_hours": false,
    "legs": null,
    "trail_percent": null,
    "trail_price": null,
    "hwm": null,
    "subtag": null,
    "source": null
}