{
    "id": "bca414ee-3988-4cb9-87fe-a3b23271e2df",
    "client_order_id": "0e0bf885-33b6-4ab9-bcc1-1e8c7d6a091c",
    "created_at": "2024-03-29T17:46:15.877653586Z",
    "updated_at": "2024-03-29T17:46:15.877653586Z",
    "submitted_at": "2024-03-29T17:46:15.876624166Z",
    "filled_at": null,
    "expired_at": null,
    "canceled_at": null,
    "failed_at": null,
    "replaced_at": null,
    "replaced_by": null,
    "replaces": null,
    "asset_id": "8ccae427-5dd0-45b3-b5fe-7ba5e422c766",
    "symbol": "TSLA",
    "asset_class": "us_equity",
    "notional": null,
    "qty": "1",
    "filled_qty": "0",
    "filled_avg_price": null,
    "order_class": "",
    "order_type": "market",
    "type": "market",
    "side": "buy",
    "time_in_force": "gtc",
    "limit_price": null,
    "stop_price": null,
    "status": "accepted",
    "extended_hours": false,
    "legs": null,
    "trail_percent": null,
    "trail_price": null,
    "hwm": null,
    "subtag": null,
    "source": null
}